{
    "conv_subsample_lengths": [1, 2, 1, 2, 1, 2, 1, 2, 1, 2, 1, 2, 1, 2, 1, 2],
    "conv_filter_length": 16,
    "conv_num_filters_start": 32,
    "conv_init": "he_normal",
    "conv_activation": "relu",
    "conv_dropout": 0.2,
    "conv_num_skip": 2,
    "conv_increase_channels_at": 4,

    "learning_rate": 0.001,
    "batch_size": 8,
    "num_categories": 25,
    "mean": [-12.249133  , -10.95922   ,   0.8867889 ,   4.8095737 ,
       -11.817045  , -11.068311  ,  20.040539  ,  18.583729  ,
         7.277835  , -48.92808   ,   0.9793427 ,   0.40140146],
    "std": [ 422.85376,  516.56146,  475.82294,  417.59125,  372.6143 ,
        438.5604 ,  411.62738,  543.18036,  473.2742 , 1069.8196 ,
        544.00446,  504.53983],

    "train": "/home/x/Documents/pycharm/PhysioNetChallenge2020/examples/PNC2020/train.json",
    "dev": "/home/x/Documents/pycharm/PhysioNetChallenge2020/examples/PNC2020/dev.json",

    "generator": true,

    "save_dir": "saved",

    "CPT": [[0.00000000e+00, 9.56937799e-03, 3.41763500e-03, 4.10116200e-03,
        9.56937799e-03, 2.39234450e-02, 1.84552290e-02, 1.11414901e-01,
        4.57963090e-02, 6.15174299e-03, 1.57211210e-02, 0.00000000e+00,
        4.30622010e-02, 1.36705400e-03, 2.32399180e-02, 6.97197539e-02,
        2.11893370e-02, 2.05058100e-03, 2.25563910e-02, 1.38755981e-01,
        5.53656869e-02, 2.39234450e-02, 1.03896104e-01, 3.82775120e-02,
        0.00000000e+00],
       [7.82122905e-03, 0.00000000e+00, 7.26256983e-03, 2.23463687e-03,
        7.82122905e-03, 2.29050279e-02, 2.01117318e-02, 5.86592179e-02,
        2.79329609e-02, 1.45251397e-02, 1.50837989e-02, 0.00000000e+00,
        7.82122905e-03, 3.35195531e-03, 0.00000000e+00, 5.08379888e-02,
        1.45251397e-02, 2.79329609e-03, 5.58659218e-04, 8.93854749e-03,
        3.91061453e-03, 5.58659218e-03, 1.11731844e-01, 3.91061453e-02,
        0.00000000e+00],
       [2.56410256e-02, 6.66666667e-02, 0.00000000e+00, 0.00000000e+00,
        2.05128205e-02, 4.61538462e-02, 5.12820513e-03, 1.02564103e-01,
        1.53846154e-02, 5.12820513e-02, 2.56410256e-02, 0.00000000e+00,
        3.58974359e-02, 0.00000000e+00, 5.12820513e-03, 1.28205128e-01,
        5.12820513e-02, 2.05128205e-02, 5.12820513e-03, 2.05128205e-02,
        5.12820513e-03, 2.56410256e-02, 3.23076923e-01, 1.02564103e-01,
        0.00000000e+00],
       [7.22891566e-02, 4.81927711e-02, 0.00000000e+00, 0.00000000e+00,
        6.02409639e-02, 7.22891566e-02, 0.00000000e+00, 0.00000000e+00,
        0.00000000e+00, 1.20481928e-02, 0.00000000e+00, 0.00000000e+00,
        1.20481928e-02, 4.81927711e-02, 0.00000000e+00, 0.00000000e+00,
        0.00000000e+00, 0.00000000e+00, 0.00000000e+00, 0.00000000e+00,
        0.00000000e+00, 0.00000000e+00, 3.61445783e-02, 1.20481928e-02,
        0.00000000e+00],
       [8.96860987e-03, 8.96860987e-03, 2.56245996e-03, 3.20307495e-03,
        0.00000000e+00, 1.15310698e-02, 1.08904548e-02, 1.34529148e-02,
        1.28122998e-03, 0.00000000e+00, 6.40614990e-04, 0.00000000e+00,
        6.40614990e-03, 6.40614990e-04, 5.12491992e-03, 6.40614990e-04,
        6.40614990e-03, 3.20307495e-03, 0.00000000e+00, 3.20307495e-03,
        2.69058296e-02, 6.40614990e-03, 3.84368994e-03, 2.56245996e-03,
        0.00000000e+00],
       [6.39853748e-02, 7.49542962e-02, 1.64533821e-02, 1.09689214e-02,
        3.29067642e-02, 0.00000000e+00, 5.85009141e-02, 1.35283364e-01,
        1.82815356e-03, 3.65630713e-03, 3.65630713e-03, 0.00000000e+00,
        6.21572212e-02, 1.82815356e-03, 9.14076782e-03, 1.20658135e-01,
        3.29067642e-02, 3.29067642e-02, 4.20475320e-02, 1.18829982e-01,
        2.37659963e-01, 1.18829982e-01, 1.80987203e-01, 4.57038391e-02,
        0.00000000e+00],
       [6.97674419e-02, 9.30232558e-02, 2.58397933e-03, 0.00000000e+00,
        4.39276486e-02, 8.26873385e-02, 0.00000000e+00, 4.21188630e-01,
        2.58397933e-03, 5.16795866e-03, 1.80878553e-02, 0.00000000e+00,
        7.23514212e-02, 0.00000000e+00, 3.35917313e-02, 6.71834625e-02,
        3.61757106e-02, 0.00000000e+00, 2.06718346e-02, 6.20155039e-02,
        4.39276486e-01, 9.81912145e-02, 1.49870801e-01, 4.39276486e-02,
        0.00000000e+00],
       [1.29467832e-01, 8.33995234e-02, 1.58856235e-02, 0.00000000e+00,
        1.66799047e-02, 5.87768070e-02, 1.29467832e-01, 0.00000000e+00,
        8.57823670e-02, 1.27084988e-02, 3.49483717e-02, 0.00000000e+00,
        5.79825258e-02, 0.00000000e+00, 1.90627482e-02, 7.62509929e-02,
        3.73312153e-02, 0.00000000e+00, 3.73312153e-02, 1.28673550e-01,
        2.54964257e-01, 9.45194599e-02, 1.69976172e-01, 5.95710882e-02,
        0.00000000e+00],
       [1.38429752e-01, 1.03305785e-01, 6.19834711e-03, 0.00000000e+00,
        4.13223140e-03, 2.06611570e-03, 2.06611570e-03, 2.23140496e-01,
        0.00000000e+00, 2.06611570e-03, 4.13223140e-03, 0.00000000e+00,
        4.13223140e-02, 0.00000000e+00, 2.06611570e-03, 1.23966942e-02,
        6.19834711e-03, 2.06611570e-03, 1.23966942e-02, 5.78512397e-02,
        5.99173554e-02, 4.95867769e-02, 2.06611570e-02, 4.13223140e-02,
        0.00000000e+00],
       [2.40641711e-02, 6.95187166e-02, 2.67379679e-02, 2.67379679e-03,
        0.00000000e+00, 5.34759358e-03, 5.34759358e-03, 4.27807487e-02,
        2.67379679e-03, 0.00000000e+00, 1.06951872e-02, 0.00000000e+00,
        8.82352941e-02, 0.00000000e+00, 0.00000000e+00, 8.55614973e-02,
        0.00000000e+00, 0.00000000e+00, 3.74331551e-02, 1.36363636e-01,
        7.21925134e-02, 1.87165775e-01, 2.37967914e-01, 5.34759358e-02,
        0.00000000e+00],
       [8.42490842e-02, 9.89010989e-02, 1.83150183e-02, 0.00000000e+00,
        3.66300366e-03, 7.32600733e-03, 2.56410256e-02, 1.61172161e-01,
        7.32600733e-03, 1.46520147e-02, 0.00000000e+00, 0.00000000e+00,
        7.32600733e-02, 0.00000000e+00, 1.83150183e-02, 1.02564103e-01,
        1.42857143e-01, 1.46520147e-02, 2.93040293e-02, 1.53846154e-01,
        2.60073260e-01, 5.49450549e-02, 2.82051282e-01, 7.69230769e-02,
        0.00000000e+00],
       [0.00000000e+00, 0.00000000e+00, 0.00000000e+00, 0.00000000e+00,
        0.00000000e+00, 0.00000000e+00, 0.00000000e+00, 0.00000000e+00,
        0.00000000e+00, 0.00000000e+00, 0.00000000e+00, 0.00000000e+00,
        5.26315789e-02, 0.00000000e+00, 0.00000000e+00, 0.00000000e+00,
        0.00000000e+00, 0.00000000e+00, 0.00000000e+00, 5.26315789e-02,
        0.00000000e+00, 0.00000000e+00, 0.00000000e+00, 0.00000000e+00,
        0.00000000e+00],
       [5.18945634e-02, 1.15321252e-02, 5.76606260e-03, 8.23723229e-04,
        8.23723229e-03, 2.80065898e-02, 2.30642504e-02, 6.01317957e-02,
        1.64744646e-02, 2.71828666e-02, 1.64744646e-02, 8.23723229e-04,
        0.00000000e+00, 4.11861614e-03, 5.76606260e-03, 6.42504119e-02,
        1.56507414e-02, 8.23723229e-04, 1.07084020e-02, 6.67215815e-02,
        6.01317957e-02, 8.15485997e-02, 1.21911038e-01, 4.28336079e-02,
        0.00000000e+00],
       [3.27868852e-02, 9.83606557e-02, 0.00000000e+00, 6.55737705e-02,
        1.63934426e-02, 1.63934426e-02, 0.00000000e+00, 0.00000000e+00,
        0.00000000e+00, 0.00000000e+00, 0.00000000e+00, 0.00000000e+00,
        8.19672131e-02, 0.00000000e+00, 0.00000000e+00, 0.00000000e+00,
        0.00000000e+00, 0.00000000e+00, 0.00000000e+00, 0.00000000e+00,
        0.00000000e+00, 4.91803279e-02, 0.00000000e+00, 0.00000000e+00,
        0.00000000e+00],
       [3.73626374e-01, 0.00000000e+00, 1.09890110e-02, 0.00000000e+00,
        8.79120879e-02, 5.49450549e-02, 1.42857143e-01, 2.63736264e-01,
        1.09890110e-02, 0.00000000e+00, 5.49450549e-02, 0.00000000e+00,
        7.69230769e-02, 0.00000000e+00, 0.00000000e+00, 0.00000000e+00,
        9.89010989e-02, 1.09890110e-02, 2.19780220e-02, 2.19780220e-02,
        9.56043956e-01, 2.19780220e-02, 2.52747253e-01, 4.39560440e-02,
        0.00000000e+00],
       [8.08881840e-02, 7.21649485e-02, 1.98255353e-02, 0.00000000e+00,
        7.93021412e-04, 5.23394132e-02, 2.06185567e-02, 7.61300555e-02,
